Fecha;Divisa Compra; Divisa Venta 
1/12/2020;81,23;81,43
2/12/2020;81,29;81,49
3/12/2020;81,36;81,56
4/12/2020;81,45;81,65
5/12/2020;81,45;81,65
6/12/2020;81,45;81,65
7/12/2020;81,45;81,65
8/12/2020;81,45;81,65
9/12/2020;81,84;82,04
10/12/2020;81,93;82,13
11/12/2020;82,01;82,21
12/12/2020;82,01;82,21
13/12/2020;82,01;82,21
14/12/2020;82,25;82,45
15/12/2020;82,33;82,53
16/12/2020;82,42;82,62
17/12/2020;82,51;82,71
18/12/2020;82,64;82,84
19/12/2020;82,64;82,84
20/12/2020;82,64;82,84
21/12/2020;82,95;83,15
22/12/2020;82,95;83,15
23/12/2020;83,16;83,36
24/12/2020;83,16;83,36
25/12/2020;83,16;83,36
26/12/2020;83,16;83,36
29/12/2020;83,82;84,02
30/12/2020;83,82;84,02
31/12/2020;83,95;84,15
1/1/2021;83,95;84,15
2/1/2021;83,95;84,15
3/1/2021;83,95;84,15
4/1/2021;84,5;84,7
5/1/2021;84,61;84,81
6/1/2021;84,71;84,91
7/1/2021;84,8;85
8/1/2021;84,92;85,12
9/1/2021;84,92;85,12
10/1/2021;84,92;85,12
11/1/2021;85,17;85,37
12/1/2021;85,27;85,47
13/1/2021;85,35;85,55
14/1/2021;85,44;85,64
15/1/2021;85,54;85,74
16/1/2021;85,54;85,74
17/1/2021;85,54;85,74
18/1/2021;85,88;86,08
19/1/2021;86,01;86,21
20/1/2021;86,15;86,35
21/1/2021;86,23;86,43
22/1/2021;86,37;86,57
23/1/2021;86,37;86,57
24/1/2021;86,37;86,57
25/1/2021;86,7;86,9
26/1/2021;86,82;87,02
27/1/2021;86,91;87,11
28/1/2021;87;87,2
29/1/2021;87,13;87,33
30/1/2021;87,13;87,33
31/1/2021;87,13;87,33
1/2/2021;87,4;87,6
2/2/2021;87,5;87,7
3/2/2021;87,6;87,8
4/2/2021;87,71;87,91
5/2/2021;87,8;88
6/2/2021;87,8;88
7/2/2021;87,8;88
8/2/2021;87,97;88,17
9/2/2021;88,06;88,26
10/2/2021;88,16;88,36
11/2/2021;88,25;88,45
12/2/2021;88,34;88,54
13/2/2021;88,34;88,54
14/2/2021;88,34;88,54
15/2/2021;88,34;88,54
16/2/2021;88,34;88,54
17/2/2021;88,74;88,94
18/2/2021;88,86;89,06
19/2/2021;88,94;89,14
20/2/2021;88,94;89,14
21/2/2021;88,94;89,14
22/2/2021;89,23;89,43
23/2/2021;89,33;89,53
24/2/2021;89,48;89,68
25/2/2021;89,55;89,75
26/2/2021;89,62;89,82
27/2/2021;89,62;89,82
28/2/2021;89,62;89,82
1/3/2021;89,89;90,09
2/3/2021;89,95;90,15
3/3/2021;90,03;90,23
4/3/2021;90,09;90,29
5/3/2021;90,17;90,37
6/3/2021;90,17;90,37
7/3/2021;90,17;90,37
8/3/2021;90,37;90,57
9/3/2021;90,46;90,66
10/3/2021;90,52;90,72
11/3/2021;90,58;90,78
12/3/2021;90,65;90,85
13/3/2021;90,65;90,85
14/3/2021;90,65;90,85
15/3/2021;90,86;91,06
16/3/2021;90,93;91,13
17/3/2021;91;91,2
18/3/2021;91,1;91,3
19/3/2021;91,16;91,36
20/3/2021;91,16;91,36
21/3/2021;91,16;91,36
22/3/2021;91,37;91,57
23/3/2021;91,44;91,64
24/3/2021;91,44;91,64
25/3/2021;91,57;91,77
26/3/2021;91,64;91,84
27/3/2021;91,64;91,84
28/3/2021;91,64;91,84
29/3/2021;91,71;91,91
30/3/2021;91,76;91,96
31/3/2021;91,8;92
1/4/2021;91,8;92
2/4/2021;91,8;92
3/4/2021;91,8;92
4/4/2021;91,8;92
5/4/2021;92,04;92,24
6/4/2021;92,08;92,28
7/4/2021;92,13;92,33
8/4/2021;92,18;92,38
9/4/2021;92,24;92,44
10/4/2021;92,24;92,44
11/4/2021;92,24;92,44
12/4/2021;92,38;92,58
13/4/2021;92,42;92,62
14/4/2021;92,47;92,67
15/4/2021;92,52;92,72
16/4/2021;92,61;92,81
17/4/2021;92,61;92,81
18/4/2021;92,61;92,81
19/4/2021;92,72;92,92
20/4/2021;92,77;92,97
21/4/2021;92,83;93,03
22/4/2021;92,87;93,07
23/4/2021;92,92;93,12
24/4/2021;92,92;93,12
25/4/2021;92,92;93,12
26/4/2021;93,07;93,27
27/4/2021;93,13;93,33
28/4/2021;93,24;93,44
29/4/2021;93,3;93,5
30/4/2021;93,36;93,56
1/5/2021;93,36;93,56
2/5/2021;93,36;93,56
3/5/2021;93,47;93,67
4/5/2021;93,51;93,71
5/5/2021;93,55;93,75
6/5/2021;93,59;93,79
7/5/2021;93,65;93,85
8/5/2021;93,65;93,85
9/5/2021;93,65;93,85
10/5/2021;93,73;93,93
11/5/2021;93,75;93,95
12/5/2021;93,78;93,98
13/5/2021;93,81;94,01
14/5/2021;93,84;94,04
15/5/2021;93,84;94,04
16/5/2021;93,84;94,04
17/5/2021;93,93;94,13
18/5/2021;93,96;94,16
19/5/2021;94;94,2
20/5/2021;94,04;94,24
21/5/2021;94,07;94,27
22/5/2021;94,07;94,27
23/5/2021;94,07;94,27
24/5/2021;94,07;94,27
25/5/2021;94,07;94,27
26/5/2021;94,28;94,48
27/5/2021;94,33;94,53
28/5/2021;94,36;94,56
29/5/2021;94,36;94,56
30/5/2021;94,36;94,56
31/5/2021;94,53;94,73
1/6/2021;94,53;94,73
2/6/2021;94,57;94,77
3/6/2021;94,61;94,81
4/6/2021;94,66;94,86
5/6/2021;94,66;94,86
6/6/2021;94,66;94,86
7/6/2021;94,78;94,98
8/6/2021;94,81;95,01
9/6/2021;94,85;95,05
10/6/2021;94,91;95,11
11/6/2021;94,93;95,13
12/6/2021;94,93;95,13
13/6/2021;94,93;95,13
14/6/2021;95,05;95,25
15/6/2021;95,1;95,3
16/6/2021;95,11;95,31
17/6/2021;95,17;95,37
18/6/2021;95,17;95,37
19/6/2021;95,17;95,37
20/6/2021;95,17;95,37
21/6/2021;95,17;95,37
22/6/2021;95,29;95,49
23/6/2021;95,33;95,53
24/6/2021;95,35;95,55
25/6/2021;95,4;95,6
26/6/2021;95,4;95,6
27/6/2021;95,4;95,6
28/6/2021;95,49;95,69
29/6/2021;95,51;95,71
30/6/2021;95,52;95,72
1/7/2021;95,56;95,76
2/7/2021;95,59;95,79
3/7/2021;95,59;95,79
4/7/2021;95,59;95,79
5/7/2021;95,68;95,88
6/7/2021;95,71;95,91
7/7/2021;95,74;95,94
8/7/2021;95,79;95,99
9/7/2021;95,79;95,99
10/7/2021;95,79;95,99
11/7/2021;95,79;95,99
12/7/2021;95,89;96,09
13/7/2021;95,92;96,12
14/7/2021;95,96;96,16
15/7/2021;95,98;96,18
16/7/2021;96,02;96,22
17/7/2021;96,02;96,22
18/7/2021;96,02;96,22
19/7/2021;96,11;96,31
20/7/2021;96,14;96,34
21/7/2021;96,16;96,36
22/7/2021;96,21;96,41
23/7/2021;96,22;96,42
24/7/2021;96,22;96,42
25/7/2021;96,22;96,42
26/7/2021;96,34;96,54
27/7/2021;96,37;96,57
28/7/2021;96,41;96,61
29/7/2021;96,44;96,64
30/7/2021;96,49;96,69
31/7/2021;96,49;96,69
1/8/2021;96,49;96,69
2/8/2021;96,59;96,79
3/8/2021;96,61;96,81
4/8/2021;96,63;96,83
5/8/2021;96,69;96,89
6/8/2021;96,7;96,9
7/8/2021;96,7;96,9
8/8/2021;96,7;96,9
9/8/2021;96,8;97
10/8/2021;96,83;97,03
11/8/2021;96,84;97,04
12/8/2021;96,87;97,07
13/8/2021;96,91;97,11
14/8/2021;96,91;97,11
15/8/2021;96,91;97,11
16/8/2021;96,91;97,11
17/8/2021;97,05;97,25
18/8/2021;97,05;97,25
19/8/2021;97,08;97,28
20/8/2021;97,11;97,31
21/8/2021;97,11;97,31
22/8/2021;97,11;97,31
23/8/2021;97,2;97,4
24/8/2021;97,25;97,45
25/8/2021;97,28;97,48
26/8/2021;97,33;97,53
27/8/2021;97,36;97,56
28/8/2021;97,36;97,56
29/8/2021;97,36;97,56
30/8/2021;97,51;97,71
31/8/2021;97,54;97,74
1/9/2021;97,58;97,78
2/9/2021;97,63;97,83
3/9/2021;97,66;97,86
4/9/2021;97,66;97,86
5/9/2021;97,66;97,86
6/9/2021;97,75;97,95
7/9/2021;97,79;97,99
8/9/2021;97,81;98,01
9/9/2021;97,85;98,05
10/9/2021;97,89;98,09
11/9/2021;97,89;98,09
12/9/2021;97,89;98,09
13/9/2021;97,99;98,19
14/9/2021;98,01;98,21
15/9/2021;98,05;98,25
16/9/2021;98,1;98,3
17/9/2021;98,16;98,36
18/9/2021;98,16;98,36
19/9/2021;98,16;98,36
20/9/2021;98,26;98,46
21/9/2021;98,27;98,47
22/9/2021;98,29;98,49
23/9/2021;98,34;98,54
24/9/2021;98,36;98,56
25/9/2021;98,36;98,56
26/9/2021;98,36;98,56
27/9/2021;98,43;98,63
28/9/2021;98,46;98,66
29/9/2021;98,52;98,72
30/9/2021;98,54;98,74
1/10/2021;98,59;98,79
2/10/2021;98,59;98,79
3/10/2021;98,59;98,79
4/10/2021;98,66;98,86
5/10/2021;98,69;98,89
6/10/2021;98,72;98,92
7/10/2021;98,74;98,94
8/10/2021;98,74;98,94
9/10/2021;98,74;98,94
10/10/2021;98,74;98,94
11/10/2021;98,74;98,94
12/10/2021;98,89;99,09
13/10/2021;98,92;99,12
14/10/2021;98,96;99,16
15/10/2021;98,98;99,18
16/10/2021;98,98;99,18
17/10/2021;98,98;99,18
18/10/2021;99,07;99,27
19/10/2021;99,11;99,31
20/10/2021;99,15;99,35
21/10/2021;99,17;99,37
22/10/2021;99,19;99,39
23/10/2021;99,19;99,39
24/10/2021;99,19;99,39
25/10/2021;99,28;99,48
26/10/2021;99,36;99,56
27/10/2021;99,45;99,65
28/10/2021;99,49;99,69
29/10/2021;99,52;99,72
30/10/2021;99,52;99,72
31/10/2021;99,52;99,72
1/11/2021;99,61;99,81
2/11/2021;99,66;99,86
3/11/2021;99,71;99,91
4/11/2021;99,76;99,96
5/11/2021;99,74;99,94
6/11/2021;99,74;99,94
7/11/2021;99,74;99,94
8/11/2021;99,88;100,08
9/11/2021;99,91;100,11
10/11/2021;99,95;100,15
11/11/2021;99,97;100,17
12/11/2021;100,02;100,22
13/11/2021;100,02;100,22
14/11/2021;100,02;100,22
15/11/2021;100,07;100,27
16/11/2021;100,09;100,29
17/11/2021;100,15;100,35
18/11/2021;100,21;100,41
19/11/2021;100,26;100,46
20/11/2021;100,26;100,46
21/11/2021;100,26;100,46
22/11/2021;100,26;100,46
23/11/2021;100,37;100,57
24/11/2021;100,42;100,62
25/11/2021;100,48;100,68
26/11/2021;100,6;100,8
27/11/2021;100,6;100,8
28/11/2021;100,6;100,8
29/11/2021;100,74;100,94
30/11/2021;100,76;100,96
1/12/2021;100,8;101
2/12/2021;100,9;101,1
3/12/2021;100,96;101,16
4/12/2021;100,96;101,16
5/12/2021;100,96;101,16
6/12/2021;101,08;101,28
7/12/2021;101,22;101,42
8/12/2021;101,22;101,42
9/12/2021;101,34;101,54
10/12/2021;101,35;101,55
11/12/2021;101,35;101,55
12/12/2021;101,35;101,55
13/12/2021;101,5;101,7
14/12/2021;101,58;101,78
15/12/2021;101,62;101,82
16/12/2021;101,7;101,9
17/12/2021;101,78;101,98
18/12/2021;101,78;101,98
19/12/2021;101,78;101,98
20/12/2021;101,93;102,13
21/12/2021;102,04;102,24
22/12/2021;102,06;102,26
23/12/2021;102,1;102,3
24/12/2021;102,1;102,3
25/12/2021;102,1;102,3
26/12/2021;102,1;102,3
27/12/2021;102,34;102,54
28/12/2021;102,42;102,62
29/12/2021;102,48;102,68
30/12/2021;102,52;102,72
31/12/2021;102,52;102,72
1/1/2022;102,52;102,72
2/1/2022;102,52;102,72
3/1/2022;102,8;103
4/1/2022;102,89;103,09
5/1/2022;102,94;103,14
6/1/2022;103,04;103,24
7/1/2022;103,08;103,28
8/1/2022;103,08;103,28
9/1/2022;103,08;103,28
10/1/2022;103,31;103,51
11/1/2022;103,36;103,56
12/1/2022;103,48;103,68
13/1/2022;103,57;103,77
14/1/2022;103,64;103,84
15/1/2022;103,64;103,84
16/1/2022;103,64;103,84
17/1/2022;103,9;104,1
18/1/2022;103,97;104,17
19/1/2022;104,04;104,24
20/1/2022;104,11;104,31
21/1/2022;104,14;104,34
22/1/2022;104,14;104,34
23/1/2022;104,14;104,34
24/1/2022;104,33;104,53
25/1/2022;104,42;104,62
26/1/2022;104,5;104,7
27/1/2022;104,57;104,77
28/1/2022;104,64;104,84
29/1/2022;104,64;104,84
30/1/2022;104,64;104,84
31/1/2022;104,82;105,02
1/2/2022;104,92;105,12
2/2/2022;105;105,2
3/2/2022;105,11;105,31
4/2/2022;105,21;105,41
5/2/2022;105,21;105,41
6/2/2022;105,21;105,41
7/2/2022;105,48;105,68
8/2/2022;105,62;105,82
9/2/2022;105,69;105,89
10/2/2022;105,81;106,01
11/2/2022;105,95;106,15
12/2/2022;105,95;106,15
13/2/2022;105,95;106,15
14/2/2022;106,16;106,36
15/2/2022;106,27;106,47
16/2/2022;106,38;106,58
17/2/2022;106,47;106,67
18/2/2022;106,58;106,78
19/2/2022;106,58;106,78
20/2/2022;106,58;106,78
21/2/2022;106,84;107,04
22/2/2022;106,99;107,19
23/2/2022;107,08;107,28
24/2/2022;107,18;107,38
25/2/2022;107,25;107,45
26/2/2022;107,25;107,45
27/2/2022;107,25;107,45
28/2/2022;107,25;107,45
1/3/2022;107,25;107,45
2/3/2022;107,73;107,93
3/3/2022;107,83;108,03
4/3/2022;107,93;108,13
5/3/2022;107,93;108,13
6/3/2022;107,93;108,13
7/3/2022;108,24;108,44
8/3/2022;108,36;108,56
9/3/2022;108,48;108,68
10/3/2022;108,57;108,77
11/3/2022;108,68;108,88
12/3/2022;108,68;108,88
13/3/2022;108,68;108,88
14/3/2022;109;109,2
15/3/2022;109,12;109,32
16/3/2022;109,21;109,41
17/3/2022;109,31;109,51
18/3/2022;109,5;109,7
19/3/2022;109,5;109,7
20/3/2022;109,5;109,7
21/3/2022;109,77;109,97
22/3/2022;109,87;110,07
23/3/2022;109,98;110,18
24/3/2022;109,98;110,18
25/3/2022;110,18;110,38
26/3/2022;110,18;110,38
27/3/2022;110,18;110,38
28/3/2022;110,48;110,68
29/3/2022;110,62;110,82
30/3/2022;110,69;110,89
31/3/2022;110,81;111,01
1/4/2022;110,92;111,12
2/4/2022;110,92;111,12
3/4/2022;110,92;111,12
4/4/2022;111,37;111,57
5/4/2022;111,5;111,7
6/4/2022;111,63;111,83
7/4/2022;111,77;111,97
8/4/2022;111,96;112,16
9/4/2022;111,96;112,16
10/4/2022;111,96;112,16
11/4/2022;112,38;112,58
12/4/2022;112,56;112,76
13/4/2022;112,77;112,97
14/4/2022;112,77;112,97
15/4/2022;112,77;112,97
16/4/2022;112,77;112,97
17/4/2022;112,77;112,97
18/4/2022;113,43;113,63
19/4/2022;113,58;113,78
20/4/2022;113,76;113,96
21/4/2022;113,89;114,09
22/4/2022;114,03;114,23
23/4/2022;114,03;114,23
24/4/2022;114,03;114,23
25/4/2022;114,48;114,68
26/4/2022;114,65;114,85
27/4/2022;114,84;115,04
28/4/2022;114,98;115,18
29/4/2022;115,11;115,31
30/4/2022;115,11;115,31
1/5/2022;115,11;115,31
2/5/2022;115,53;115,73
3/5/2022;115,67;115,87
4/5/2022;115,82;116,02
5/5/2022;115,96;116,16
6/5/2022;116,1;116,3
7/5/2022;116,1;116,3
8/5/2022;116,1;116,3
9/5/2022;116,55;116,75
10/5/2022;116,73;116,93
11/5/2022;116,88;117,08
12/5/2022;117,05;117,25
13/5/2022;117,23;117,43
14/5/2022;117,23;117,43
15/5/2022;117,23;117,43
16/5/2022;117,66;117,86
17/5/2022;117,87;118,07
18/5/2022;117,87;118,07
19/5/2022;118,14;118,34
20/5/2022;118,28;118,48
21/5/2022;118,28;118,48
22/5/2022;118,28;118,48
23/5/2022;118,74;118,94
24/5/2022;118,91;119,11
25/5/2022;118,91;119,11
26/5/2022;119,21;119,41
27/5/2022;119,35;119,55
28/5/2022;119,35;119,55
29/5/2022;119,35;119,55
30/5/2022;119,81;120,01
31/5/2022;119,81;120,01
1/6/2022;120,12;120,32
2/6/2022;120,26;120,46
3/6/2022;120,48;120,68
4/6/2022;120,48;120,68
5/6/2022;120,48;120,68
6/6/2022;120,91;121,11
7/6/2022;121,09;121,29
8/6/2022;121,25;121,45
9/6/2022;121,42;121,62
10/6/2022;121,59;121,79
11/6/2022;121,59;121,79
12/6/2022;121,59;121,79
13/6/2022;122,1;122,3
14/6/2022;122,3;122,5
15/6/2022;122,5;122,7
16/6/2022;122,72;122,92
18/6/2022;122,72;122,92
19/6/2022;122,72;122,92
20/6/2022;122,72;122,92
21/6/2022;123,47;123,67
22/6/2022;123,65;123,85
23/6/2022;123,9;124,1
24/6/2022;124,04;124,24
25/6/2022;124,04;124,24
26/6/2022;124,04;124,24
27/6/2022;124,51;124,71
28/6/2022;124,67;124,87
29/6/2022;124,84;125,04
30/6/2022;125,03;125,23
1/7/2022;125,25;125,45
2/7/2022;125,25;125,45
3/7/2022;125,25;125,45
4/7/2022;125,75;125,95
5/7/2022;126;126,2
6/7/2022;126,19;126,39
7/7/2022;126,36;126,56
8/7/2022;126,6;126,8
9/7/2022;126,6;126,8
10/7/2022;126,6;126,8
11/7/2022;127,15;127,35
12/7/2022;127,39;127,59
13/7/2022;127,62;127,82
14/7/2022;127,8;128
15/7/2022;128,05;128,25
16/7/2022;128,05;128,25
17/7/2022;128,05;128,25
18/7/2022;128,71;128,91
19/7/2022;128,94;129,14
20/7/2022;129,18;129,38
21/7/2022;129,38;129,58
22/7/2022;129,54;129,74
23/7/2022;129,54;129,74
24/7/2022;129,54;129,74
25/7/2022;130,2;130,4
26/7/2022;130,48;130,68
27/7/2022;130,71;130,91
28/7/2022;130,92;131,12
29/7/2022;130,92;131,12
30/7/2022;131,07;131,27
1/8/2022;131,69;131,89
2/8/2022;132;132,2
3/8/2022;132,22;132,42
4/8/2022;132,44;132,64
5/8/2022;132,69;132,89
6/8/2022;132,69;132,89
7/8/2022;132,69;132,89
8/8/2022;133,37;133,57
9/8/2022;133,65;133,85
10/8/2022;133,85;134,05
11/8/2022;134,07;134,27
12/8/2022;134,39;134,59
13/8/2022;134,39;134,59
14/8/2022;134,39;134,59
15/8/2022;134,39;134,59
16/8/2022;135,13;135,33
17/8/2022;135,33;135,53
18/8/2022;135,6;135,8
19/8/2022;135,97;136,17
20/8/2022;135,97;136,17
21/8/2022;135,97;136,17
22/8/2022;136,44;136,64
23/8/2022;136,75;136,95
24/8/2022;136,95;137,15
25/8/2022;137,2;137,4
26/8/2022;137,5;137,7
27/8/2022;137,5;137,7
28/8/2022;137,5;137,7
29/8/2022;138,12;138,32
30/8/2022;138,4;138,6
31/8/2022;138,53;138,73
1/9/2022;138,83;139,03
2/9/2022;138,83;139,03
3/9/2022;138,83;139,03
4/9/2022;138,83;139,03
5/9/2022;140,08;140,28
6/9/2022;140,36;140,56
7/9/2022;140,6;140,8
8/9/2022;140,95;141,15
9/9/2022;141,18;141,38
10/9/2022;141,18;141,38
11/9/2022;141,18;141,38
12/9/2022;142,08;142,28
13/9/2022;142,38;142,58
14/9/2022;142,68;142,88
15/9/2022;143;143,2
16/9/2022;143,32;143,52
17/9/2022;143,32;143,52
18/9/2022;143,32;143,52
19/9/2022;144,17;144,37
20/9/2022;144,44;144,64
21/9/2022;144,69;144,89
22/9/2022;144,96;145,16
23/9/2022;145,24;145,44
24/9/2022;145,24;145,44
25/9/2022;145,24;145,44
26/9/2022;146,06;146,26
27/9/2022;146,37;146,57
28/9/2022;146,66;146,86
29/9/2022;146,87;147,07
30/9/2022;147,12;147,32
1/10/2022;147,12;147,32
2/10/2022;147,12;147,32
3/10/2022;148,03;148,23
4/10/2022;148,39;148,59
5/10/2022;148,68;148,88
6/10/2022;149;149,2
7/10/2022;149;149,2
8/10/2022;149;149,2
9/10/2022;149;149,2
10/10/2022;149;149,2
11/10/2022;150,49;150,69
12/10/2022;150,84;151,04
13/10/2022;151,1;151,3
14/10/2022;151,44;151,64
15/10/2022;151,44;151,64
16/10/2022;151,44;151,64
17/10/2022;152,3;152,5
18/10/2022;152,62;152,82
19/10/2022;152,98;153,18
20/10/2022;153,31;153,51
21/10/2022;153,59;153,79
22/10/2022;153,59;153,79
23/10/2022;153,59;153,79
24/10/2022;154,54;154,74
25/10/2022;154,88;155,08
26/10/2022;155,19;155,39
27/10/2022;155,49;155,69
28/10/2022;155,82;156,02
29/10/2022;155,82;156,02
30/10/2022;155,82;156,02
31/10/2022;156,71;156,91
1/11/2022;157,08;157,28
2/11/2022;157,4;157,6
3/11/2022;157,72;157,92
4/11/2022;158,08;158,28
5/11/2022;158,08;158,28
6/11/2022;158,08;158,28
7/11/2022;159,17;159,37
8/11/2022;159,51;159,71
9/11/2022;159,82;160,02
10/11/2022;160,19;160,39
11/11/2022;160,5;160,7
12/11/2022;160,5;160,7
13/11/2022;160,5;160,7
14/11/2022;161,58;161,78
15/11/2022;161,92;162,12
16/11/2022;162,27;162,47
17/11/2022;162,58;162,78
18/11/2022;162,98;163,18
19/11/2022;162,98;163,18
20/11/2022;162,98;163,18
22/11/2022;164,31;164,51
23/11/2022;164,64;164,84
24/11/2022;165,01;165,21
25/11/2022;165,39;165,59
26/11/2022;165,39;165,59
27/11/2022;165,39;165,59
28/11/2022;166,4;166,6
29/11/2022;166,76;166,96
30/11/2022;167,08;167,28
1/12/2022;167,52;167,72
2/12/2022;167,89;168,09
3/12/2022;167,89;168,09
4/12/2022;167,89;168,09
5/12/2022;168,96;169,16
6/12/2022;168,96;169,16
7/12/2022;169,7;169,9
8/12/2022;169,7;169,9
9/12/2022;169,7;169,9
10/12/2022;169,7;169,9
11/12/2022;169,7;169,9
12/12/2022;171,17;171,37
13/12/2022;171,61;171,81
14/12/2022;171,85;172,05
15/12/2022;172,19;172,39
16/12/2022;172,5;172,7
17/12/2022;172,5;172,7
18/12/2022;172,5;172,7
19/12/2022;173,4;173,6
20/12/2022;173,73;173,93
21/12/2022;174,08;174,28
22/12/2022;174,33;174,53
23/12/2022;174,64;174,84
24/12/2022;174,64;174,84
25/12/2022;174,64;174,84
26/12/2022;174,64;174,84
27/12/2022;175,53;175,73
28/12/2022;175,85;176,05
29/12/2022;176,2;176,4
30/12/2022;176,96;177,16
31/12/2022;176,96;177,16
1/1/2023;176,96;177,16
2/1/2023;177,95;178,15
3/1/2023;178,16;178,36
4/1/2023;178,46;178,66
5/1/2023;178,74;178,94
6/1/2023;179,05;179,25
7/1/2023;179,05;179,25
8/1/2023;179,05;179,25
9/1/2023;179,89;180,09
10/1/2023;180,18;180,38
11/1/2023;180,47;180,67
12/1/2023;180,77;180,97
13/1/2023;181,07;181,27
14/1/2023;181,07;181,27
15/1/2023;181,07;181,27
16/1/2023;182;182,2
17/1/2023;182,29;182,49
18/1/2023;182,61;182,81
19/1/2023;182,91;183,11
20/1/2023;183,25;183,45
21/1/2023;183,25;183,45
22/1/2023;183,25;183,45
23/1/2023;184,17;184,37
24/1/2023;184,49;184,69
25/1/2023;184,83;185,03
26/1/2023;185,12;185,32
27/1/2023;185,41;185,61
28/1/2023;185,41;185,61
29/1/2023;185,41;185,61
30/1/2023;186,36;186,56
31/1/2023;186,8;187
1/2/2023;187,09;187,29
2/2/2023;187,37;187,57
3/2/2023;187,82;188,02
4/2/2023;187,82;188,02
5/2/2023;187,82;188,02
6/2/2023;188,91;189,11
7/2/2023;189,32;189,52
8/2/2023;189,65;189,85
9/2/2023;190,01;190,21
10/2/2023;190,31;190,51
11/2/2023;190,31;190,51
12/2/2023;190,31;190,51
13/2/2023;191,45;191,65
14/2/2023;191,79;191,99
15/2/2023;192,18;192,38
16/2/2023;192,63;192,83
17/2/2023;192,99;193,19
18/2/2023;192,99;193,19
19/2/2023;192,99;193,19
20/2/2023;192,99;193,19
21/2/2023;192,99;193,19
22/2/2023;194,75;194,95
23/2/2023;195,11;195,31
24/2/2023;195,48;195,68
25/2/2023;195,48;195,68
26/2/2023;195,48;195,68
27/2/2023;196,61;196,81
28/2/2023;196,95;197,15
1/3/2023;197,37;197,57
2/3/2023;197,67;197,87
3/3/2023;198,08;198,28
4/3/2023;198,08;198,28
5/3/2023;198,08;198,28
6/3/2023;199,14;199,34
7/3/2023;199,48;199,68
8/3/2023;199,75;199,95
9/3/2023;200,16;200,36
10/3/2023;200,53;200,73
11/3/2023;200,53;200,73
12/3/2023;200,53;200,73
13/3/2023;201,66;201,86
14/3/2023;201,67;202,07
15/3/2023;202,16;202,56
16/3/2023;202,54;202,94
17/3/2023;202,94;203,34
18/3/2023;202,94;203,34
19/3/2023;202,94;203,34
20/3/2023;204,13;204,53
21/3/2023;204,62;205,02
22/3/2023;204,98;205,38
23/3/2023;205,38;205,78
24/3/2023;205,38;205,78
25/3/2023;205,38;205,78
26/3/2023;205,38;205,78
27/3/2023;207,02;207,42
28/3/2023;207,44;207,84
29/3/2023;207,9;208,3
30/3/2023;208,19;208,59
31/3/2023;208,61;209,01
1/4/2023;208,61;209,01
2/4/2023;208,61;209,01
3/4/2023;209,97;210,37
4/4/2023;210,38;210,78
5/4/2023;210,82;211,22
6/4/2023;210,82;211,22
7/4/2023;210,82;211,22
8/4/2023;210,82;211,22
9/4/2023;210,82;211,22
10/4/2023;212,99;213,39
11/4/2023;213,36;213,76
12/4/2023;213,84;214,24
13/4/2023;214,28;214,68
14/4/2023;214,7;215,1
15/4/2023;214,7;215,1
16/4/2023;214,7;215,1
17/4/2023;215,98;216,38
18/4/2023;216,54;216,94
19/4/2023;217,08;217,48
20/4/2023;217,59;217,99
21/4/2023;218,13;218,53
22/4/2023;218,13;218,53
23/4/2023;218,13;218,53
24/4/2023;219,81;220,21
25/4/2023;220,47;220,87
26/4/2023;221,17;221,57
27/4/2023;221,6;222
28/4/2023;222,28;222,68
29/4/2023;222,28;222,68
30/4/2023;222,28;222,68
1/5/2023;222,28;222,68
2/5/2023;224,25;224,65
3/5/2023;224,8;225,2
4/5/2023;225,3;225,7
5/5/2023;225,85;226,25
6/5/2023;225,85;226,25
7/5/2023;225,85;226,25
8/5/2023;227,25;227,65
9/5/2023;227,65;228,05
10/5/2023;228,1;228,5
11/5/2023;228,6;229
12/5/2023;228,8;229,2
13/5/2023;228,8;229,2
14/5/2023;228,8;229,2
15/5/2023;230,3;230,7
16/5/2023;230,7;231,1
17/5/2023;231,25;231,65
18/5/2023;231,7;232,1
19/5/2023;232,35;232,75
20/5/2023;232,35;232,75
21/5/2023;232,35;232,75
22/5/2023;233,95;234,35
23/5/2023;234,55;234,95
24/5/2023;235,35;235,75
25/5/2023;235,35;235,75
26/5/2023;235,35;235,75
27/5/2023;235,35;235,75
28/5/2023;235,35;235,75
29/5/2023;237,85;238,25
30/5/2023;238,45;238,85
31/5/2023;239,1;239,5
1/6/2023;239,85;240,25
2/6/2023;240,45;240,85
3/6/2023;240,45;240,85
4/6/2023;240,45;240,85
5/6/2023;242,1;242,5
6/6/2023;242,85;243,25
7/6/2023;243,1;243,5
8/6/2023;244,05;244,45
9/6/2023;244,55;244,95
10/6/2023;244,55;244,95
11/6/2023;244,55;244,95
12/6/2023;246,4;246,8
13/6/2023;246,7;247,1
14/6/2023;247,6;248
15/6/2023;247,95;248,35
16/6/2023;249,05;249,45
17/6/2023;249,05;249,45
18/6/2023;249,05;249,45
19/6/2023;249,05;249,45
20/6/2023;249,05;249,45
21/6/2023;251,45;251,85
22/6/2023;252,2;252,6
23/6/2023;252,6;253
24/6/2023;252,6;253
25/6/2023;252,6;253
26/6/2023;254,2;254,6
27/6/2023;254,85;255,25
28/6/2023;255,45;255,85
29/6/2023;255,8;256,2
30/6/2023;256,3;256,7
1/7/2023;256,3;256,7
2/7/2023;256,3;256,7
3/7/2023;257,5;257,9
4/7/2023;258,95;259,35
5/7/2023;259,1;259,5
6/7/2023;260;260,4
7/7/2023;260,6;261
8/7/2023;260,6;261
9/7/2023;260,6;261
10/7/2023;262,1;262,5
11/7/2023;262,8;263,2
12/7/2023;263,65;264,05
13/7/2023;263,95;264,35
14/7/2023;264,65;265,05
15/7/2023;264,65;265,05
16/7/2023;264,65;265,05
17/7/2023;266,35;266,75
18/7/2023;267,25;267,65
19/7/2023;267,55;267,95
20/7/2023;268,3;268,7
21/7/2023;269,05;269,45
22/7/2023;269,05;269,45
23/7/2023;269,05;269,45
24/7/2023;270,6;271
25/7/2023;271,2;271,6
26/7/2023;272,1;272,5
27/7/2023;272,7;273,1
28/7/2023;273,3;273,7
29/7/2023;273,3;273,7
30/7/2023;273,3;273,7
31/7/2023;274,85;275,25
1/8/2023;275,75;276,15
2/8/2023;277;277,4
3/8/2023;277,7;278,1
4/8/2023;278,95;279,35
5/8/2023;278,95;279,35
6/8/2023;278,95;279,35
7/8/2023;282,8;283,2
8/8/2023;283,8;284,2
9/8/2023;284,75;285,15
10/8/2023;285,8;286,2
11/8/2023;286,95;287,35
12/8/2023;286,95;287,35
13/8/2023;286,95;287,35
14/8/2023;348,95;349,95
15/8/2023;349;350
16/8/2023;348,95;349,95
17/8/2023;348,95;349,95
18/8/2023;348,95;349,95
19/8/2023;348,95;349,95
20/8/2023;348,95;349,95
21/8/2023;348,95;349,95
22/8/2023;348,95;349,95
23/8/2023;348,95;349,95
24/8/2023;349;350
25/8/2023;349,1;350,1
26/8/2023;349,1;350,1
27/8/2023;349,1;350,1
28/8/2023;348,95;349,95
29/8/2023;349;350
30/8/2023;349;350
31/8/2023;349;350
1/9/2023;349,1;350,1
2/9/2023;349,1;350,1
3/9/2023;349,1;350,1
4/9/2023;349;350
5/9/2023;349;350
6/9/2023;349;350
7/9/2023;348,95;349,95
8/9/2023;348,95;349,95
9/9/2023;348,95;349,95
10/9/2023;348,95;349,95
11/9/2023;348,95;349,95
12/9/2023;348,95;349,95
13/9/2023;349,05;350,05
14/9/2023;349;350
15/9/2023;349;350
16/9/2023;349;350
17/9/2023;349;350
18/9/2023;349;350
19/9/2023;348,95;349,95
20/9/2023;349,1;350,1
21/9/2023;349;350
22/9/2023;349,05;350,05
23/9/2023;349,05;350,05
24/9/2023;349,05;350,05
25/9/2023;349,05;350,05
26/9/2023;349;350
27/9/2023;349;350
28/9/2023;349,05;350,05
29/9/2023;348,95;349,95
30/9/2023;348,95;349,95
1/10/2023;348,95;349,95
2/10/2023;349,05;350,05
3/10/2023;349,05;350,05
4/10/2023;349;350
5/10/2023;349;350
6/10/2023;349,1;350,1
7/10/2023;349,1;350,1
8/10/2023;349,1;350,1
9/10/2023;349,1;350,1
10/10/2023;349,1;350,1
11/10/2023;349,1;350,1
12/10/2023;348,95;349,95
13/10/2023;348,95;349,95
14/10/2023;348,95;349,95
15/10/2023;348,95;349,95
16/10/2023;348,95;349,95
17/10/2023;349,1;350,1
18/10/2023;349,1;350,1
19/10/2023;348,95;349,95
20/10/2023;348,95;349,95
21/10/2023;348,95;349,95
24/10/2023;348,95;349,95
25/10/2023;348,95;349,95
26/10/2023;349,1;350,1
27/10/2023;348,95;349,95
28/10/2023;348,95;349,95
29/10/2023;348,95;349,95
30/10/2023;348,95;349,95
31/10/2023;348,95;349,95
1/11/2023;349;350
2/11/2023;348,95;349,95
3/11/2023;349,1;350,1
4/11/2023;349,1;350,1
7/11/2023;349,1;350,1
8/11/2023;348,95;349,95
9/11/2023;348,95;349,95
10/11/2023;348,95;349,95
11/11/2023;348,95;349,95
14/11/2023;348,95;349,95
15/11/2023;349,1;350,1
16/11/2023;351,95;352,95
17/11/2023;352,45;353,45
21/11/2023;352,95;353,95
22/11/2023;354,95;355,95
23/11/2023;355,45;356,45
24/11/2023;356,6;357,6
25/11/2023;356,6;357,6
26/11/2023;356,6;357,6
27/11/2023;358;359
28/11/2023;358;359
29/11/2023;358,5;359,5
30/11/2023;359,5;360,5
2/12/2023;360,1;361,1
3/12/2023;360,1;361,1
4/12/2023;361,45;362,45
5/12/2023;362,1;363,1
6/12/2023;362,7;363,7
7/12/2023;384;385
8/12/2023;384;385
9/12/2023;384;385
10/12/2023;384;385
11/12/2023;364,95;365,95
12/12/2023;365,45;366,45
13/12/2023;796,95;799,95
14/12/2023;797,5;800,5
15/12/2023;798,1;801,1
16/12/2023;798,1;801,1
17/12/2023;798,1;801,1
18/12/2023;799,6;802,6
19/12/2023;800,15;803,15
20/12/2023;800,7;803,7
21/12/2023;801,2;804,2
22/12/2023;801,75;804,75
23/12/2023;801,75;804,75
24/12/2023;801,75;804,75
25/12/2023;801,75;804,75
26/12/2023;803,85;806,85
27/12/2023;804,4;807,4
28/12/2023;804,95;807,95
29/12/2023;805,45;808,45
30/12/2023;805,45;808,45
31/12/2023;805,45;808,45
1/1/2024;805,45;808,45
2/1/2024;807,7;810,7
3/1/2024;808,1;811,1
4/1/2024;808,7;811,7
5/1/2024;809,2;812,2
6/1/2024;809,2;812,2
7/1/2024;809,2;812,2
8/1/2024;810,8;813,8
9/1/2024;811,4;814,4
10/1/2024;811,9;814,9
11/1/2024;812,4;815,4
12/1/2024;813;816
13/1/2024;813;816
14/1/2024;813;816
15/1/2024;814,6;817,6
16/1/2024;815,1;818,1
17/1/2024;815,6;818,6
18/1/2024;816,2;819,2
19/1/2024;816,7;819,7
20/1/2024;816,7;819,7
21/1/2024;816,7;819,7
22/1/2024;818,4;821,4
23/1/2024;818,9;821,9
24/1/2024;819,4;822,4
25/1/2024;820;823
26/1/2024;820,5;823,5
27/1/2024;820,5;823,5
28/1/2024;820,5;823,5
29/1/2024;822,2;825,2
30/1/2024;822,7;825,7
31/1/2024;823,4;826,4
1/2/2024;823,9;826,9
2/2/2024;824,3;827,3
3/2/2024;824,3;827,3
4/2/2024;824,3;827,3
5/2/2024;826;829
6/2/2024;826,5;829,5
7/2/2024;827,2;830,2
8/2/2024;827,6;830,6
9/2/2024;828,3;831,3
10/2/2024;828,3;831,3
11/2/2024;828,3;831,3
12/2/2024;828,3;831,3
13/2/2024;828,3;831,3
14/2/2024;830,9;833,9
15/2/2024;831,5;834,5
16/2/2024;832;835
17/2/2024;832;835
18/2/2024;832;835
19/2/2024;833,7;836,7
20/2/2024;834,2;837,2
21/2/2024;834,9;837,9
22/2/2024;835,3;838,3
23/2/2024;835,9;838,9
24/2/2024;835,9;838,9
25/2/2024;835,9;838,9
26/2/2024;837,6;840,6
27/2/2024;838,1;841,1
28/2/2024;838,7;841,7
29/2/2024;839,2;842,2
1/3/2024;839,5;842,5
2/3/2024;839,5;842,5
3/3/2024;839,5;842,5
4/3/2024;841;844
5/3/2024;842;845
6/3/2024;842,5;845,5
7/3/2024;843;846
8/3/2024;843,5;846,5
9/3/2024;843,5;846,5
10/3/2024;843,5;846,5
11/3/2024;845;848
12/3/2024;845,5;848,5
13/3/2024;846,5;849,5
14/3/2024;847;850
15/3/2024;847,5;850,5
16/3/2024;847,5;850,5
17/3/2024;847,5;850,5
18/3/2024;849,5;852,5
19/3/2024;850;853
20/3/2024;850;853
21/3/2024;851;854
22/3/2024;851,5;854,5
23/3/2024;851,5;854,5
24/3/2024;851,5;854,5
25/3/2024;853;856
26/3/2024;853,5;856,5
27/3/2024;855;858
28/3/2024;855;858
29/3/2024;855;858
30/3/2024;855;858
31/3/2024;855;858
1/4/2024;855;858
2/4/2024;855;858
3/4/2024;858;861
4/4/2024;858,5;861,5
5/4/2024;859,5;862,5
6/4/2024;859,5;862,5
7/4/2024;859,5;862,5
8/4/2024;861;864
9/4/2024;861,5;864,5
10/4/2024;862;865
11/4/2024;862,5;865,5
12/4/2024;863,5;866,5
13/4/2024;863,5;866,5
14/4/2024;863,5;866,5
15/4/2024;865;868
16/4/2024;865,5;868,5
17/4/2024;866,5;869,5
18/4/2024;867;870
19/4/2024;868,5;871,5
20/4/2024;868,5;871,5
21/4/2024;868,5;871,5
22/4/2024;869;872
23/4/2024;869,5;872,5
24/4/2024;870;873
25/4/2024;871;874
26/4/2024;872;875
27/4/2024;872;875
28/4/2024;872;875
29/4/2024;873,5;876,5
30/4/2024;873,5;876,5
1/5/2024;873,5;876,5
2/5/2024;875;878
3/5/2024;875,5;878,5
4/5/2024;875,5;878,5
5/5/2024;875,5;878,5
6/5/2024;877;880
7/5/2024;877,5;880,5
8/5/2024;878,5;881,5
9/5/2024;879;882
10/5/2024;879,5;882,5
11/5/2024;879,5;882,5
12/5/2024;879,5;882,5
13/5/2024;881;884
14/5/2024;882;885
15/5/2024;882,5;885,5
16/5/2024;883;886
17/5/2024;883,5;886,5
18/5/2024;883,5;886,5
19/5/2024;883,5;886,5
20/5/2024;885,5;888,5
21/5/2024;886;889
22/5/2024;886,5;889,5
23/5/2024;887;890
24/5/2024;887,5;890,5
25/5/2024;887,5;890,5
26/5/2024;887,5;890,5
27/5/2024;890,5;893,5
28/5/2024;890,5;893,5
29/5/2024;890,5;893,5
30/5/2024;891;894
31/5/2024;892,5;895,5
1/6/2024;892,5;895,5
2/6/2024;892,5;895,5
3/6/2024;894;897
4/6/2024;894;897
5/6/2024;895,5;898,5
6/6/2024;895;898
7/6/2024;896;899
8/6/2024;896;899
9/6/2024;896;899
10/6/2024;899;902
11/6/2024;899;902
12/6/2024;898,5;901,5
13/6/2024;899;902
14/6/2024;900,5;903,5
15/6/2024;900,5;903,5
16/6/2024;900,5;903,5
17/6/2024;900,5;903,5
18/6/2024;902;905
19/6/2024;904,5;907,5
20/6/2024;904,5;907,5
21/6/2024;904,5;907,5
22/6/2024;904,5;907,5
23/6/2024;904,5;907,5
24/6/2024;905,5;908,5
25/6/2024;906;909
26/6/2024;908;911
27/6/2024;908,5;911,5
28/6/2024;909;912
29/6/2024;909;912
30/6/2024;909;912
1/7/2024;911;914
2/7/2024;911,5;914,5
3/7/2024;912;915
4/7/2024;913;916
5/7/2024;915;918
6/7/2024;915;918
7/7/2024;915;918
8/7/2024;915,5;918,5
9/7/2024;915,5;918,5
10/7/2024;916,5;919,5
11/7/2024;917;920
12/7/2024;918,5;921,5
13/7/2024;918,5;921,5
14/7/2024;918,5;921,5
15/7/2024;920;923
16/7/2024;920,5;923,5
17/7/2024;921;924
18/7/2024;922,5;925,5
19/7/2024;924,5;927,5
20/7/2024;924,5;927,5
21/7/2024;924,5;927,5
22/7/2024;923,5;926,5
23/7/2024;924;927
24/7/2024;925;928
25/7/2024;927;930
26/7/2024;928,5;931,5
27/7/2024;928,5;931,5
28/7/2024;928,5;931,5
29/7/2024;929;932
30/7/2024;929,5;932,5
31/7/2024;929;932
1/8/2024;930;933
2/8/2024;932;935
3/8/2024;932;935
4/8/2024;932;935
5/8/2024;932,5;935,5
6/8/2024;933,5;936,5
7/8/2024;933,5;936,5
8/8/2024;934;937
9/8/2024;936;939
10/8/2024;936;939
11/8/2024;936;939
12/8/2024;936,5;939,5
13/8/2024;937,5;940,5
14/8/2024;938;941
15/8/2024;938,5;941,5
16/8/2024;941;944
17/8/2024;941;944
18/8/2024;941;944
19/8/2024;941;944
20/8/2024;941,5;944,5
21/8/2024;942;945
22/8/2024;943;946
23/8/2024;945,5;948,5
24/8/2024;945,5;948,5
25/8/2024;945,5;948,5
26/8/2024;947,5;950,5
27/8/2024;947;950
28/8/2024;946,5;949,5
29/8/2024;948;951
30/8/2024;950,5;953,5
31/8/2024;950,5;953,5
1/9/2024;950,5;953,5
2/9/2024;950;953
3/9/2024;950,5;953,5
4/9/2024;951,5;954,5
5/9/2024;951,5;954,5
6/9/2024;955;958
7/9/2024;955;958
8/9/2024;955;958
9/9/2024;955,5;958,5
10/9/2024;955;958
11/9/2024;955,5;958,5
12/9/2024;957,5;960,5
13/9/2024;959;962
14/9/2024;959;962
15/9/2024;959;962
16/9/2024;959;962
17/9/2024;959;962
18/9/2024;960,5;963,5
19/9/2024;960,5;963,5
20/9/2024;962,5;965,5
21/9/2024;962,5;965,5
22/9/2024;962,5;965,5
23/9/2024;963;966
24/9/2024;963,5;966,5
25/9/2024;966;969
26/9/2024;965,5;968,5
27/9/2024;967;970
28/9/2024;967;970
29/9/2024;967;970
30/9/2024;967,5;970,5
1/10/2024;968;971
2/10/2024;968,5;971,5
3/10/2024;970;973
4/10/2024;971,5;974,5
5/10/2024;971,5;974,5
6/10/2024;971,5;974,5
7/10/2024;972,5;975,5
8/10/2024;972,5;975,5
9/10/2024;973;976
10/10/2024;976;979
11/10/2024;976;979
12/10/2024;976;979
13/10/2024;976;979
14/10/2024;977;980
15/10/2024;977,5;980,5
16/10/2024;978;981
17/10/2024;978,5;981,5
18/10/2024;981,5;984,5
19/10/2024;981,5;984,5
20/10/2024;981,5;984,5
21/10/2024;981;984
22/10/2024;981,5;984,5
23/10/2024;982,5;985,5
24/10/2024;983;986
25/10/2024;985;988
26/10/2024;985;988
27/10/2024;985;988
28/10/2024;985,5;988,5
29/10/2024;986;989
30/10/2024;987;990
31/10/2024;989;992
1/11/2024;990;993
2/11/2024;990;993
3/11/2024;990;993
4/11/2024;990;993
5/11/2024;991,5;994,5
6/11/2024;991,5;994,5
7/11/2024;992;995
8/11/2024;994;997
9/11/2024;994;997
10/11/2024;994;997
11/11/2024;995;998
12/11/2024;995,5;998,5
13/11/2024;996;999
14/11/2024;996,5;999,5
15/11/2024;999,5;1.002,50
16/11/2024;999,5;1.002,50
17/11/2024;999,5;1.002,50
18/11/2024;999,5;1.002,50
19/11/2024;1000;1.003,00
20/11/2024;1000,5;1.003,50
21/11/2024;1002;1.005,00
22/11/2024;1004;1.007,00
23/11/2024;1004;1.007,00
24/11/2024;1004;1.007,00
25/11/2024;1004;1.007,00
26/11/2024;1005;1.008,00
27/11/2024;1005,5;1.008,50
28/11/2024;1006;1.009,00
29/11/2024;1008,5;1.011,50
30/11/2024;1008,5;1.011,50
1/12/2024;1008,5;1.011,50
2/12/2024;1009,5;1.012,50
3/12/2024;1009,5;1.012,50
4/12/2024;1010;1.013,00
5/12/2024;1010,5;1.013,50
6/12/2024;1012,5;1.015,50
7/12/2024;1012,5;1.015,50
8/12/2024;1012,5;1.015,50
9/12/2024;1013,5;1.016,50
10/12/2024;1014;1.017,00
11/12/2024;1014,5;1.017,50
12/12/2024;1016;1.019,00
13/12/2024;1017,5;1.020,50
14/12/2024;1017,5;1.020,50
15/12/2024;1017,5;1.020,50
16/12/2024;1019,5;1.022,50
17/12/2024;1018,5;1.021,50
18/12/2024;1019,5;1.022,50
19/12/2024;1020;1.023,00
20/12/2024;1022;1.025,00
21/12/2024;1022;1.025,00
22/12/2024;1022;1.025,00
23/12/2024;1025,5;1.028,50
24/12/2024;1025,5;1.028,50
25/12/2024;1025,5;1.028,50
26/12/2024;1026,5;1.029,50
27/12/2024;1028,5;1.031,50
28/12/2024;1028,5;1.031,50
29/12/2024;1028,5;1.031,50
30/12/2024;1029;1.032,00
31/12/2024;1029;1.032,00
1/1/2025;1029;1.032,00
2/1/2025;1029,5;1.032,50
3/1/2025;1032,5;1.035,50
4/1/2025;1032,5;1.035,50
5/1/2025;1032,5;1.035,50
6/1/2025;1032,5;1.035,50
7/1/2025;1033;1.036,00
8/1/2025;1033,5;1.036,50
9/1/2025;1034,5;1.037,50
10/1/2025;1036,5;1.039,50
11/1/2025;1036,5;1.039,50
12/1/2025;1036,5;1.039,50
13/1/2025;1037;1.040,00
14/1/2025;1038;1.041,00
15/1/2025;1039;1.042,00
16/1/2025;1039;1.042,00
17/1/2025;1041;1.044,00
18/1/2025;1041;1.044,00
19/1/2025;1041;1.044,00
20/1/2025;1043,5;1.046,50
21/1/2025;1044;1.047,00
22/1/2025;1045;1.048,00
23/1/2025;1045,5;1.048,50
24/1/2025;1046;1.049,00
25/1/2025;1046;1.049,00
26/1/2025;1046;1.049,00
27/1/2025;1047,5;1.050,50
28/1/2025;1048;1.051,00
29/1/2025;1048,5;1.051,50
30/1/2025;1049;1.052,00
31/1/2025;1050,5;1.053,50
1/2/2025;1050,5;1.053,50
2/2/2025;1050,5;1.053,50
3/2/2025;1051,25;1.054,25
4/2/2025;1051,25;1.054,25
5/2/2025;1051,5;1.054,50
6/2/2025;1051,75;1.054,75
7/2/2025;1052,75;1.055,75
8/2/2025;1052,75;1.055,75
9/2/2025;1052,75;1.055,75
10/2/2025;1053,5;1.056,50
11/2/2025;1053,5;1.056,50
12/2/2025;1053,75;1.056,75
13/2/2025;1054,75;1.057,75
14/2/2025;1055,25;1.058,25
15/2/2025;1055,25;1.058,25
16/2/2025;1055,25;1.058,25
17/2/2025;1056,25;1.059,25
18/2/2025;1056;1.059,00
19/2/2025;1056,25;1.059,25
20/2/2025;1056,75;1.059,75
21/2/2025;1057,75;1.060,75
22/2/2025;1057,75;1.060,75
23/2/2025;1057,75;1.060,75
24/2/2025;1058;1.061,00
25/2/2025;1058,5;1.061,50
26/2/2025;1058,75;1.061,75
27/2/2025;1059,25;1.062,25
28/2/2025;1061,75;1.064,75
1/3/2025;1061,75;1.064,75
2/3/2025;1061,75;1.064,75
3/3/2025;1061,75;1.064,75
4/3/2025;1061,75;1.064,75
5/3/2025;1061,25;1.064,25
6/3/2025;1061,5;1.064,50
7/3/2025;1063,5;1.066,50
8/3/2025;1063,5;1.066,50
9/3/2025;1063,5;1.066,50
10/3/2025;1063;1.066,00
11/3/2025;1063,5;1.066,50
12/3/2025;1063,75;1.066,75
13/3/2025;1064;1.067,00
14/3/2025;1065,5;1.068,50
15/3/2025;1065,5;1.068,50
16/3/2025;1065,5;1.068,50
17/3/2025;1065,5;1.068,50
18/3/2025;1066;1.069,00
19/3/2025;1066,75;1.069,75
20/3/2025;1066,5;1.069,50
21/3/2025;1068,5;1.071,50
22/3/2025;1068,5;1.071,50
23/3/2025;1068,5;1.071,50
24/3/2025;1068,5;1.071,50
25/3/2025;1068,75;1.071,75
26/3/2025;1068,75;1.071,75
27/3/2025;1069,25;1.072,25
28/3/2025;1070,5;1.073,50
29/3/2025;1070,5;1.073,50
30/3/2025;1070,5;1.073,50
31/3/2025;1071;1.074,00
1/4/2025;1071,75;1.074,75
2/4/2025;1071,75;1.074,75
3/4/2025;1072;1.075,00
4/4/2025;1073;1.076,00
5/4/2025;1073;1.076,00
6/4/2025;1073;1.076,00
7/4/2025;1073;1.076,00
8/4/2025;1073,25;1.076,25
9/4/2025;1072,75;1.077,25
10/4/2025;1072,5;1.077,00
11/4/2025;1073,5;1.078,00
12/4/2025;1073,5;1.078,00
13/4/2025;1073,5;1.078,00
14/4/2025;1189;1.198,00
15/4/2025;1191;1.200,00
16/4/2025;1126;1.135,00
17/4/2025;1126;1.135,00
18/4/2025;1126;1.135,00
19/4/2025;1126;1.135,00
20/4/2025;1126;1.135,00
21/4/2025;1085;1.094,00
22/4/2025;1095;1.104,00
23/4/2025;1151;1.160,00
24/4/2025;1165;1.174,00
25/4/2025;1160,5;1.169,50
26/4/2025;1160,5;1.169,50
27/4/2025;1160,5;1.169,50
28/4/2025;1169;1.178,00
29/4/2025;1156;1.165,00
30/4/2025;1161;1.170,00
1/5/2025;1161;1.170,00
2/5/2025;1161;1.170,00
3/5/2025;1161;1.170,00
4/5/2025;1161;1.170,00
5/5/2025;1191;1.200,00
6/5/2025;1185;1.194,00
7/5/2025;1115;1.124,00
8/5/2025;1105;1.114,00
9/5/2025;1127;1.136,00
10/5/2025;1127;1.136,00
11/5/2025;1127;1.136,00
12/5/2025;1123;1.132,00
13/5/2025;1116,5;1.125,50
14/5/2025;1123;1.132,00
15/5/2025;1129;1.138,00
16/5/2025;1133;1.142,00
17/5/2025;1133;1.142,00
18/5/2025;1133;1.142,00
19/5/2025;1132;1.141,00
20/5/2025;1133,5;1.142,50
21/5/2025;1137;1.146,00
22/5/2025;1126,5;1.135,50
23/5/2025;1124,5;1.133,50
24/5/2025;1124,5;1.133,50
25/5/2025;1124,5;1.133,50
26/5/2025;1134;1.143,00
27/5/2025;1147;1.156,00
28/5/2025;1151;1.160,00
29/5/2025;1174;1.183,00
30/5/2025;1179;1.188,00
31/5/2025;1179;1.188,00
1/6/2025;1179;1.188,00
2/6/2025;1171,5;1.180,50
3/6/2025;1175;1.184,00
4/6/2025;1176,5;1.185,50
5/6/2025;1182;1.191,00
6/6/2025;1176,5;1.185,50
7/6/2025;1176,5;1.185,50
8/6/2025;1176,5;1.185,50
9/6/2025;1176;1.185,00
10/6/2025;1179,5;1.188,50
11/6/2025;1173;1.182,00
12/6/2025;1176;1.185,00
13/6/2025;1173;1.182,00
14/6/2025;1173;1.182,00
15/6/2025;1173;1.182,00
16/6/2025;1173;1.182,00
17/6/2025;1151;1.160,00
18/6/2025;1133,5;1.142,50
19/6/2025;1153;1.162,00
20/6/2025;1153;1.162,00
21/6/2025;1153;1.162,00
22/6/2025;1153;1.162,00
23/6/2025;1162;1.171,00
24/6/2025;1165,5;1.174,50
25/6/2025;1182,5;1.191,50
26/6/2025;1180,5;1.189,50
27/6/2025;1180;1.189,00
28/6/2025;1180;1.189,00
29/6/2025;1180;1.189,00
30/6/2025;1196;1.205,00
1/7/2025;1213;1.222,00
2/7/2025;1220;1.229,00
3/7/2025;1222;1.231,00
4/7/2025;1231;1.240,00
5/7/2025;1231;1.240,00
6/7/2025;1231;1.240,00
7/7/2025;1255;1.264,00
8/7/2025;1246;1.255,00
9/7/2025;1246;1.255,00
10/7/2025;1246;1.255,00
11/7/2025;1252,5;1.261,50
12/7/2025;1252,5;1.261,50
13/7/2025;1252,5;1.261,50
14/7/2025;1271;1.280,00
15/7/2025;1251;1.260,00
16/7/2025;1252;1.261,00
17/7/2025;1265;1.274,00
18/7/2025;1277;1.286,00
19/7/2025;1277;1.286,00
20/7/2025;1277;1.286,00
21/7/2025;1266;1.275,00
22/7/2025;1247,5;1.256,50
23/7/2025;1249,5;1.258,50
24/7/2025;1263;1.272,00
25/7/2025;1271;1.280,00
26/7/2025;1271;1.280,00
27/7/2025;1271;1.280,00
28/7/2025;1286;1.295,00
29/7/2025;1282;1.291,00
30/7/2025;1306;1.315,00
31/7/2025;1365;1.374,00
1/8/2025;1355;1.364,00
2/8/2025;1355;1.364,00
3/8/2025;1355;1.364,00
4/8/2025;1351;1.360,00
5/8/2025;1329,5;1.338,50
6/8/2025;1323;1.332,00
7/8/2025;1317,5;1.326,50
8/8/2025;1317;1.326,00
9/8/2025;1317;1.326,00
10/8/2025;1317;1.326,00
11/8/2025;1313;1.322,00
12/8/2025;1308,5;1.317,50
13/8/2025;1304;1.313,00
14/8/2025;1291;1.300,00
15/8/2025;1291;1.300,00
16/8/2025;1291;1.300,00
17/8/2025;1291;1.300,00
18/8/2025;1284;1.293,00
19/8/2025;1283,5;1.292,50
20/8/2025;1292;1.301,00
21/8/2025;1306;1.315,00
22/8/2025;1312;1.321,00
23/8/2025;1312;1.321,00
24/8/2025;1312;1.321,00
25/8/2025;1353;1.362,00
26/8/2025;1347,5;1.356,50
27/8/2025;1340,5;1.349,50
28/8/2025;1324;1.333,00
29/8/2025;1333;1.342,00
30/8/2025;1333;1.342,00
31/8/2025;1333;1.342,00
1/9/2025;1363;1.372,00
2/9/2025;1352;1.361,00
3/9/2025;1352,5;1.361,50
4/9/2025;1353,5;1.362,50
5/9/2025;1346;1.355,00
6/9/2025;1346;1.355,00
7/9/2025;1346;1.355,00
8/9/2025;1400;1.409,00
9/9/2025;1407,5;1.416,50
10/9/2025;1414,5;1.423,50
11/9/2025;1423;1.432,00
12/9/2025;1444;1.453,00
13/9/2025;1444;1.453,00
14/9/2025;1444;1.453,00
15/9/2025;1458;1.467,00
16/9/2025;1460;1.469,00
17/9/2025;1465,5;1.474,50
18/9/2025;1465,5;1.474,50
19/9/2025;1466;1.475,00
20/9/2025;1466;1.475,00
21/9/2025;1466;1.475,00
22/9/2025;1399;1.408,00
23/9/2025;1360;1.369,00
24/9/2025;1328,5;1.337,50
25/9/2025;1328;1.337,00
26/9/2025;1317;1.326,00
27/9/2025;1317;1.326,00
28/9/2025;1317;1.326,00
29/9/2025;1351;1.360,00
30/9/2025;1371;1.380,00
1/10/2025;1414;1.423,00
2/10/2025;1415,5;1.424,50
3/10/2025;1415,5;1.424,50
4/10/2025;1415,5;1.424,50
5/10/2025;1415,5;1.424,50
6/10/2025;1421;1.430,00
7/10/2025;1420,5;1.429,50
8/10/2025;1421;1.430,00
9/10/2025;1411;1.420,00
10/10/2025;1411;1.420,00
11/10/2025;1411;1.420,00
12/10/2025;1411;1.420,00
13/10/2025;1340;1.349,00
14/10/2025;1351;1.360,00
15/10/2025;1371;1.380,00
16/10/2025;1393;1.402,00
17/10/2025;1441;1.450,00
18/10/2025;1441;1.450,00
19/10/2025;1441;1.450,00
20/10/2025;1466;1.475,00
21/10/2025;1481,5;1.490,50
22/10/2025;1480;1.489,00
23/10/2025;1470;1.479,00
24/10/2025;1483;1.492,00
25/10/2025;1483;1.492,00
26/10/2025;1483;1.492,00
27/10/2025;1426;1.435,00
28/10/2025;1461;1.470,00
29/10/2025;1427;1.436,00
30/10/2025;1429;1.438,00
31/10/2025;1436;1.445,00
1/11/2025;1436;1.445,00
2/11/2025;1436;1.445,00
3/11/2025;1473;1.482,00
4/11/2025;1445;1.454,00
5/11/2025;1443;1.452,00
6/11/2025;1443;1.452,00
7/11/2025;1406;1.415,00
8/11/2025;1406;1.415,00
9/11/2025;1406;1.415,00
10/11/2025;1411,5;1.420,50
11/11/2025;1404;1.413,00
12/11/2025;1403;1.412,00
13/11/2025;1397;1.406,00
14/11/2025;1394;1.403,00
15/11/2025;1394;1.403,00
16/11/2025;1394;1.403,00
17/11/2025;1378;1.387,00
18/11/2025;1391;1.400,00
19/11/2025;1397,5;1.406,50
20/11/2025;1416;1.425,00
21/11/2025;1416;1.425,00
22/11/2025;1416;1.425,00
23/11/2025;1416;1.425,00
24/11/2025;1416;1.425,00
25/11/2025;1438,5;1.447,50
26/11/2025;1444,5;1.453,50
27/11/2025;1441;1.450,00
28/11/2025;1442,5;1.451,50
29/11/2025;1442,5;1.451,50
30/11/2025;1442,5;1.451,50
1/12/2025;1442,5;1.451,50
2/12/2025;1446;1.455,00
3/12/2025;1444;1.453,00
4/12/2025;1435;1.444,00
5/12/2025;1426;1.435,00
6/12/2025;1426;1.435,00
7/12/2025;1426;1.435,00
8/12/2025;1426;1.435,00
9/12/2025;1433;1.442,00
10/12/2025;1428,5;1.437,50
11/12/2025;1427;1.436,00
12/12/2025;1432;1.441,00
13/12/2025;1432;1.441,00
14/12/2025;1432;1.441,00
15/12/2025;1429,5;1.438,50
16/12/2025;1442;1.451,00
17/12/2025;1442;1.451,00
18/12/2025;1442;1.451,00
19/12/2025;1441;1.450,00
20/12/2025;1441;1.450,00
21/12/2025;1441;1.450,00
22/12/2025;1443;1.452,00
23/12/2025;1442;1.451,00
24/12/2025;1442;1.451,00
25/12/2025;1442;1.451,00
26/12/2025;1443,5;1.452,50
27/12/2025;1443,5;1.452,50
28/12/2025;1443,5;1.452,50
29/12/2025;1448;1.457,00
30/12/2025;1446;1.455,00
31/12/2025;1446;1.455,00
1/1/2026;1446;1.455,00
2/1/2026;1466;1.475,00
3/1/2026;1466;1.475,00
4/1/2026;1466;1.475,00
5/1/2026;1461;1.470,00
6/1/2026;1458,5;1.467,50
7/1/2026;1451;1.460,00
8/1/2026;1455;1.464,00
9/1/2026;1456;1.465,00
10/1/2026;1456;1.465,00
11/1/2026;1456;1.465,00
12/1/2026;1458,5;1.467,50
13/1/2026;1448;1.457,00
14/1/2026;1444;1.453,00
15/1/2026;1432;1.441,00
16/1/2026;1421;1.430,00
17/1/2026;1421;1.430,00
18/1/2026;1421;1.430,00
19/1/2026;1425,5;1.434,50
20/1/2026;1425,5;1.434,50
21/1/2026;1421,5;1.430,50
22/1/2026;1420,5;1.429,50
23/1/2026;1424;1.433,00
24/1/2026;1424;1.433,00
25/1/2026;1424;1.433,00
26/1/2026;1428,5;1.437,50
27/1/2026;1433,5;1.442,50
28/1/2026;1433,5;1.442,50
29/1/2026;1433,5;1.442,50
30/1/2026;1433,5;1.442,50
31/1/2026;1433,5;1.442,50
1/2/2026;1433,5;1.442,50
2/2/2026;1433,5;1.442,50
3/2/2026;1433,5;1.442,50
4/2/2026;1433,5;1.442,50
5/2/2026;1433,5;1.442,50
6/2/2026;1433,5;1.442,50
7/2/2026;1433,5;1.442,50
8/2/2026;1433,5;1.442,50
9/2/2026;1433,5;1.442,50
10/2/2026;1433,5;1.442,50
11/2/2026;1433,5;1.442,50
12/2/2026;1433,5;1.442,50
13/2/2026;1433,5;1.442,50
14/2/2026;1433,5;1.442,50
15/2/2026;1433,5;1.442,50
16/2/2026;1433,5;1.442,50
17/2/2026;1433,5;1.442,50
18/2/2026;1433,5;1.442,50
19/2/2026;1433,5;1.442,50
20/2/2026;1433,5;1.442,50
21/2/2026;1433,5;1.442,50
22/2/2026;1433,5;1.442,50
23/2/2026;1433,5;1.442,50
24/2/2026;1433,5;1.442,50
25/2/2026;1433,5;1.442,50
26/2/2026;1433,5;1.442,50
27/2/2026;1433,5;1.442,50
28/2/2026;1433,5;1.442,50
1/3/2026;1433,5;1.442,50
2/3/2026;1433,5;1.442,50
3/3/2026;1433,5;1.442,50
4/3/2026;1433,5;1.442,50
5/3/2026;1433,5;1.442,50
6/3/2026;1407;1.416,00
7/3/2026;1407;1.416,00
8/3/2026;1407;1.416,00
9/3/2026;1407;1.416,00
10/3/2026;1391;1.400,00
11/3/2026;1387;1.396,00
12/3/2026;1385,5;1.394,50
13/3/2026;1391;1.400,00
14/3/2026;1391;1.400,00
15/3/2026;1391;1.400,00
16/3/2026;1387;1.396,00
17/3/2026;1387;1.396,00
18/3/2026;1385;1.394,00
19/3/2026;1385,5;1.394,50
20/3/2026;1381,5;1.390,50
21/3/2026;1381,5;1.390,50
22/3/2026;1381,5;1.390,50
23/3/2026;1381,5;1.390,50
24/3/2026;1381,5;1.390,50
25/3/2026;1368,5;1.377,50
26/3/2026;1359;1.368,00
27/3/2026;1373,5;1.382,50
28/3/2026;1373,5;1.382,50
29/3/2026;1373,5;1.382,50
30/3/2026;1389;1.398,00
31/3/2026;1373;1.382,00
1/4/2026;1385;1.394,00
2/4/2026;1385;1.394,00
3/4/2026;1385;1.394,00
4/4/2026;1385;1.394,00
5/4/2026;1385;1.394,00
6/4/2026;1384;1.393,00
7/4/2026;1383,5;1.392,50
8/4/2026;1378,5;1.387,50
